timestamp,ip,risk,country,country_code,city,timezone,latitude,longitude,isp,org,asn,asn_name,attack_ports,attack_hours,reverse,net_name,descr,risk_category
2025-07-18T17:50:41.397150,40.58.5.216,22,Brazil,BR,Sao Paulo,America/Sao_Paulo,-23.5505,-46.6333,BT Group,BT Group,AS2293,BT Group ASN,21:67|23:67,15:00:140|21:00:78,host-40-58-5-216.btgroup.com,BT GROUP-NET,BT Group Network Infrastructure,Düşük
2025-07-28T06:35:41.397150,107.1.17.174,5,Russia,RU,Moscow,Europe/Moscow,55.7558,37.6176,AT&T,AT&T Hosting,AS88918,AT&T ASN,443:456,04:00:113|17:00:17|03:00:14|06:00:86|05:00:145|10:00:74|02:00:51|13:00:32,-,AT&T-NET,AT&T Network Infrastructure,Düşük
2025-07-24T06:09:41.397150,192.17.17.160,46,Germany,DE,Berlin,Europe/Berlin,52.52,13.405,AT&T,AT&T,AS88200,AT&T ASN,22:156,09:00:129|12:00:85|05:00:39|20:00:101|02:00:46|03:00:77,-,AT&T-NET,AT&T Network Infrastructure,Orta
2025-07-18T10:00:41.397150,249.203.197.96,34,United States,US,New York,America/New_York,40.7128,-74.006,Superonline,Superonline,AS73312,Superonline ASN,23:23|25:78|995:45,15:00:126|13:00:114|10:00:18,host-249-203-197-96.superonline.com,SUPERONLINE-NET,Superonline Network Infrastructure,Orta
2025-07-17T02:05:41.397150,230.7.131.22,57,United Kingdom,GB,London,Europe/London,51.5074,-0.1278,Superonline,Superonline,AS89278,Superonline ASN,23:89|443:456|22:89,17:00:103|20:00:8|05:00:79|22:00:113|14:00:15|16:00:127|03:00:26|11:00:16,host-230-7-131-22.superonline.com,SUPERONLINE-NET,Superonline Network Infrastructure,Orta
2025-07-16T17:15:41.397150,80.122.253.234,8,Brazil,BR,Sao Paulo,America/Sao_Paulo,-23.5505,-46.6333,Turk Telekom,Turk Telekom,AS96354,Turk Telekom ASN,993:90,01:00:119|00:00:31|20:00:86|11:00:101|09:00:102,-,TURK TELEKOM-NET,Turk Telekom Network Infrastructure,Düşük
2025-07-16T04:30:41.397150,236.162.178.47,74,India,IN,Mumbai,Asia/Kolkata,19.076,72.8777,NTT Communications,NTT Communications Hosting,AS50585,NTT Communications ASN,995:67|80:789|53:123,14:00:143|04:00:33|00:00:77|03:00:109|12:00:110|15:00:118|11:00:126|13:00:69,host-236-162-178-47.nttcommunications.com,NTT COMMUNICATIONS-NET,NTT Communications Network Infrastructure,Yüksek
2025-07-18T09:50:41.397150,48.183.163.16,20,Russia,RU,Moscow,Europe/Moscow,55.7558,37.6176,Turk Telekom,Turk Telekom Hosting,AS71143,Turk Telekom ASN,443:789,19:00:18|07:00:139|16:00:18|11:00:104|12:00:24|21:00:72,-,TURK TELEKOM-NET,Turk Telekom Network Infrastructure,Düşük
2025-07-25T22:32:41.397150,38.205.5.130,85,Brazil,BR,Sao Paulo,America/Sao_Paulo,-23.5505,-46.6333,Superonline,Superonline Hosting,AS65390,Superonline ASN,443:123|22:156|995:234,18:00:116|21:00:25|08:00:13|04:00:9|09:00:41|17:00:62|11:00:67|19:00:113,-,SUPERONLINE-NET,Superonline Network Infrastructure,Yüksek
2025-07-20T22:16:41.397150,74.251.38.218,12,China,CN,Beijing,Asia/Shanghai,39.9042,116.4074,TTNet,TTNet Hosting,AS4140,TTNet ASN,25:78|110:90,16:00:66|09:00:37|11:00:59|07:00:129|05:00:76|17:00:6|01:00:113|21:00:50,host-74-251-38-218.ttnet.com,TTNET-NET,TTNet Network Infrastructure,Düşük
2025-07-08T02:39:41.397150,35.70.154.158,5,Brazil,BR,Sao Paulo,America/Sao_Paulo,-23.5505,-46.6333,TTNet,TTNet,AS40766,TTNet ASN,22:123|53:123,07:00:89|05:00:120|14:00:59|04:00:64|08:00:77,host-35-70-154-158.ttnet.com,TTNET-NET,TTNet Network Infrastructure,Düşük
2025-08-04T17:15:41.397150,195.45.65.57,9,United Kingdom,GB,London,Europe/London,51.5074,-0.1278,Deutsche Telekom,Deutsche Telekom Hosting,AS44947,Deutsche Telekom ASN,443:123|110:34|143:12|995:67,20:00:146|02:00:90|01:00:9,host-195-45-65-57.deutschetelekom.com,DEUTSCHE TELEKOM-NET,Deutsche Telekom Network Infrastructure,Düşük
2025-07-07T23:04:41.397150,202.128.35.69,23,China,CN,Beijing,Asia/Shanghai,39.9042,116.4074,TTNet,TTNet Hosting,AS84976,TTNet ASN,23:23|80:567|443:567|53:67,21:00:37|09:00:45|06:00:56|02:00:83|18:00:103,host-202-128-35-69.ttnet.com,TTNET-NET,TTNet Network Infrastructure,Düşük
2025-07-29T00:29:41.397150,13.133.10.138,19,Russia,RU,Moscow,Europe/Moscow,55.7558,37.6176,AT&T,AT&T Hosting,AS80844,AT&T ASN,21:123,14:00:134|13:00:146|00:00:54|16:00:19,-,AT&T-NET,AT&T Network Infrastructure,Düşük
2025-07-11T18:59:41.397150,38.33.14.192,17,China,CN,Beijing,Asia/Shanghai,39.9042,116.4074,Beeline,Beeline,AS93284,Beeline ASN,993:90|143:23|25:90,14:00:75|23:00:80|12:00:54|02:00:118|04:00:38|15:00:113,host-38-33-14-192.beeline.com,BEELINE-NET,Beeline Network Infrastructure,Düşük
2025-07-19T05:01:41.397150,119.222.214.135,5,United States,US,New York,America/New_York,40.7128,-74.006,Turk Telekom,Turk Telekom Hosting,AS21701,Turk Telekom ASN,22:156|110:34,14:00:106|06:00:104|00:00:46|12:00:9|15:00:95|02:00:30|16:00:47|04:00:79,-,TURK TELEKOM-NET,Turk Telekom Network Infrastructure,Düşük
2025-07-08T06:16:41.397150,230.209.215.132,90,Japan,JP,Tokyo,Asia/Tokyo,35.6762,139.6503,Comcast,Comcast,AS88359,Comcast ASN,25:34|80:567|22:123,10:00:135|00:00:65|02:00:130|12:00:43|05:00:98|04:00:130|16:00:19|18:00:14,-,COMCAST-NET,Comcast Network Infrastructure,Yüksek
2025-07-21T04:40:41.397150,184.254.82.203,55,France,FR,Paris,Europe/Paris,48.8566,2.3522,China Telecom,China Telecom,AS5043,China Telecom ASN,23:12|53:123|443:456|995:123,06:00:128|02:00:9|01:00:103|14:00:130|04:00:11,-,CHINA TELECOM-NET,China Telecom Network Infrastructure,Orta
2025-07-29T16:53:41.397150,227.27.126.139,55,United Kingdom,GB,London,Europe/London,51.5074,-0.1278,AT&T,AT&T Hosting,AS59401,AT&T ASN,443:123,06:00:145|17:00:31|09:00:86|22:00:126|10:00:126|01:00:89,-,AT&T-NET,AT&T Network Infrastructure,Orta
2025-07-16T03:18:41.397150,156.3.71.212,34,Turkey,TR,Istanbul,Asia/Istanbul,41.0082,28.9784,Deutsche Telekom,Deutsche Telekom Hosting,AS2804,Deutsche Telekom ASN,143:45|80:123,02:00:139|01:00:91|22:00:72|09:00:45|08:00:93|13:00:10,host-156-3-71-212.deutschetelekom.com,DEUTSCHE TELEKOM-NET,Deutsche Telekom Network Infrastructure,Orta
2025-07-12T18:50:41.397150,139.170.58.67,5,Germany,DE,Berlin,Europe/Berlin,52.52,13.405,Beeline,Beeline,AS86349,Beeline ASN,22:234,10:00:65|11:00:90|14:00:49|17:00:78|19:00:53,-,BEELINE-NET,Beeline Network Infrastructure,Düşük
2025-07-25T10:56:41.397150,26.74.106.77,79,Brazil,BR,Sao Paulo,America/Sao_Paulo,-23.5505,-46.6333,NTT Communications,NTT Communications Hosting,AS32792,NTT Communications ASN,80:234|110:12|143:12|21:234,05:00:57|14:00:32|18:00:146|02:00:118|07:00:82|06:00:53|01:00:40,host-26-74-106-77.nttcommunications.com,NTT COMMUNICATIONS-NET,NTT Communications Network Infrastructure,Yüksek
2025-07-21T16:36:41.397150,86.233.230.64,8,France,FR,Paris,Europe/Paris,48.8566,2.3522,TTNet,TTNet,AS64004,TTNet ASN,22:67,10:00:134|13:00:55|04:00:23|21:00:120|17:00:108|14:00:148,host-86-233-230-64.ttnet.com,TTNET-NET,TTNet Network Infrastructure,Düşük
2025-07-12T14:29:41.397150,98.38.189.52,46,Turkey,TR,Istanbul,Asia/Istanbul,41.0082,28.9784,NTT Communications,NTT Communications,AS33924,NTT Communications ASN,443:123|23:12,08:00:36|14:00:145|10:00:135,host-98-38-189-52.nttcommunications.com,NTT COMMUNICATIONS-NET,NTT Communications Network Infrastructure,Orta
2025-07-11T21:59:41.397150,148.56.124.185,76,India,IN,Mumbai,Asia/Kolkata,19.076,72.8777,Vodafone Turkey,Vodafone Turkey Hosting,AS65153,Vodafone Turkey ASN,110:12|443:789|22:123,14:00:120|22:00:100,host-148-56-124-185.vodafoneturkey.com,VODAFONE TURKEY-NET,Vodafone Turkey Network Infrastructure,Yüksek
2025-07-22T09:32:41.397150,47.43.32.56,41,Russia,RU,Moscow,Europe/Moscow,55.7558,37.6176,TTNet,TTNet Hosting,AS3773,TTNet ASN,143:45|995:67|25:78|53:45,20:00:58|13:00:140|09:00:121|17:00:28,-,TTNET-NET,TTNet Network Infrastructure,Orta
2025-07-16T19:58:41.397150,100.211.182.30,75,United Kingdom,GB,London,Europe/London,51.5074,-0.1278,Verizon,Verizon,AS10135,Verizon ASN,993:56|80:789|23:12|22:89,19:00:50|17:00:6|05:00:144|13:00:37|03:00:101,host-100-211-182-30.verizon.com,VERIZON-NET,Verizon Network Infrastructure,Yüksek
2025-07-26T04:14:41.397150,124.112.7.21,47,Germany,DE,Berlin,Europe/Berlin,52.52,13.405,Deutsche Telekom,Deutsche Telekom,AS37194,Deutsche Telekom ASN,995:67,21:00:110|13:00:88|01:00:121|19:00:81|12:00:98|02:00:112|22:00:142|09:00:71,host-124-112-7-21.deutschetelekom.com,DEUTSCHE TELEKOM-NET,Deutsche Telekom Network Infrastructure,Orta
2025-07-30T10:18:41.403063,136.165.177.97,13,United States,US,New York,America/New_York,40.7128,-74.006,Telefonica,Telefonica,AS34646,Telefonica ASN,22:234,21:00:89|18:00:43|16:00:119|15:00:5,-,TELEFONICA-NET,Telefonica Network Infrastructure,Düşük
2025-07-19T01:10:41.403063,35.242.236.207,34,India,IN,Mumbai,Asia/Kolkata,19.076,72.8777,Turk Telekom,Turk Telekom,AS30828,Turk Telekom ASN,110:56|993:123|80:456|25:90,20:00:87|15:00:115|12:00:46|11:00:17|09:00:5,host-35-242-236-207.turktelekom.com,TURK TELEKOM-NET,Turk Telekom Network Infrastructure,Orta
2025-07-25T01:09:41.403063,218.233.242.43,47,Japan,JP,Tokyo,Asia/Tokyo,35.6762,139.6503,KDDI,KDDI,AS46332,KDDI ASN,22:234|110:12|23:12|25:34,00:00:143|06:00:78|20:00:89|08:00:78|03:00:14|16:00:100|09:00:54|12:00:74,host-218-233-242-43.kddi.com,KDDI-NET,KDDI Network Infrastructure,Orta
2025-07-19T02:10:41.403063,150.186.165.243,69,Japan,JP,Tokyo,Asia/Tokyo,35.6762,139.6503,Orange,Orange Hosting,AS73008,Orange ASN,23:23|993:123,10:00:132|07:00:19|19:00:44|02:00:90|01:00:32|08:00:91,host-150-186-165-243.orange.com,ORANGE-NET,Orange Network Infrastructure,Orta
2025-07-26T16:24:41.403063,72.106.89.47,35,France,FR,Paris,Europe/Paris,48.8566,2.3522,Comcast,Comcast Hosting,AS41874,Comcast ASN,993:90|110:56|143:45,04:00:44|12:00:118|20:00:101|02:00:88|22:00:52|16:00:53|15:00:94,-,COMCAST-NET,Comcast Network Infrastructure,Orta
2025-07-24T00:56:41.403063,37.155.231.124,35,Japan,JP,Tokyo,Asia/Tokyo,35.6762,139.6503,Telefonica,Telefonica,AS44245,Telefonica ASN,443:789|110:78,13:00:115|20:00:9,-,TELEFONICA-NET,Telefonica Network Infrastructure,Orta
2025-07-12T08:17:41.403063,54.83.198.43,58,United States,US,New York,America/New_York,40.7128,-74.006,Beeline,Beeline,AS92872,Beeline ASN,995:67,02:00:108|13:00:96|11:00:59|14:00:59|21:00:25|23:00:106|18:00:36,-,BEELINE-NET,Beeline Network Infrastructure,Orta
2025-07-08T04:11:41.403063,57.226.4.167,73,Brazil,BR,Sao Paulo,America/Sao_Paulo,-23.5505,-46.6333,TTNet,TTNet,AS59022,TTNet ASN,995:89,10:00:56|00:00:127|03:00:100|09:00:19,-,TTNET-NET,TTNet Network Infrastructure,Yüksek
2025-07-27T22:54:41.403063,211.142.121.164,40,China,CN,Beijing,Asia/Shanghai,39.9042,116.4074,Telefonica,Telefonica Hosting,AS16510,Telefonica ASN,23:67|21:67,06:00:113|11:00:22|07:00:57|02:00:29|21:00:122|03:00:111,host-211-142-121-164.telefonica.com,TELEFONICA-NET,Telefonica Network Infrastructure,Orta
2025-07-17T03:38:41.403063,63.190.93.158,10,Brazil,BR,Sao Paulo,America/Sao_Paulo,-23.5505,-46.6333,Beeline,Beeline,AS36136,Beeline ASN,80:456|110:12,15:00:137|10:00:68|12:00:82,-,BEELINE-NET,Beeline Network Infrastructure,Düşük
2025-07-06T10:25:41.403063,224.213.157.194,57,United States,US,New York,America/New_York,40.7128,-74.006,Vodafone Turkey,Vodafone Turkey,AS41206,Vodafone Turkey ASN,995:45|110:12|443:456|23:45,18:00:125|06:00:25|07:00:24|08:00:148|16:00:67|22:00:108|23:00:76,host-224-213-157-194.vodafoneturkey.com,VODAFONE TURKEY-NET,Vodafone Turkey Network Infrastructure,Orta
2025-07-15T00:10:41.403063,14.210.225.224,100,India,IN,Mumbai,Asia/Kolkata,19.076,72.8777,China Unicom,China Unicom Hosting,AS8145,China Unicom ASN,143:89|21:123|110:56,01:00:87|13:00:92|07:00:72|05:00:67|18:00:30|20:00:14|19:00:46|23:00:74,-,CHINA UNICOM-NET,China Unicom Network Infrastructure,Yüksek
2025-07-27T07:26:41.403063,225.140.18.72,95,Turkey,TR,Istanbul,Asia/Istanbul,41.0082,28.9784,Verizon,Verizon,AS85965,Verizon ASN,110:78,16:00:82|12:00:56,-,VERIZON-NET,Verizon Network Infrastructure,Yüksek
2025-07-10T18:22:41.403063,205.188.199.199,39,Russia,RU,Moscow,Europe/Moscow,55.7558,37.6176,Vodafone Turkey,Vodafone Turkey,AS60734,Vodafone Turkey ASN,110:12|22:156|80:123,18:00:98|21:00:81|19:00:70|00:00:148|03:00:148|01:00:79,-,VODAFONE TURKEY-NET,Vodafone Turkey Network Infrastructure,Orta
2025-07-20T15:29:41.403063,223.84.247.44,71,United Kingdom,GB,London,Europe/London,51.5074,-0.1278,Rostelecom,Rostelecom Hosting,AS16334,Rostelecom ASN,443:456|25:56|993:90,00:00:110|22:00:128|19:00:88|06:00:18|12:00:64|23:00:37|02:00:38,host-223-84-247-44.rostelecom.com,ROSTELECOM-NET,Rostelecom Network Infrastructure,Yüksek
2025-07-11T14:48:41.403063,172.49.3.41,6,India,IN,Mumbai,Asia/Kolkata,19.076,72.8777,Rostelecom,Rostelecom,AS97965,Rostelecom ASN,22:67|80:789,01:00:14|18:00:117|12:00:24|09:00:72|05:00:99,-,ROSTELECOM-NET,Rostelecom Network Infrastructure,Düşük
2025-07-19T04:39:41.403063,105.228.119.33,39,United Kingdom,GB,London,Europe/London,51.5074,-0.1278,Verizon,Verizon,AS22793,Verizon ASN,80:123|993:90|23:45|443:789,10:00:86|22:00:116|08:00:88|12:00:90|07:00:92|20:00:74,-,VERIZON-NET,Verizon Network Infrastructure,Orta
2025-07-20T06:07:41.403063,11.227.203.52,61,Russia,RU,Moscow,Europe/Moscow,55.7558,37.6176,TTNet,TTNet Hosting,AS11273,TTNet ASN,993:90|110:78|143:67,04:00:99|19:00:132|15:00:149|11:00:150|23:00:129|00:00:91|08:00:16|10:00:5,host-11-227-203-52.ttnet.com,TTNET-NET,TTNet Network Infrastructure,Orta
2025-07-17T06:21:41.403063,225.151.122.36,51,Brazil,BR,Sao Paulo,America/Sao_Paulo,-23.5505,-46.6333,China Unicom,China Unicom,AS11772,China Unicom ASN,53:123|443:234|23:12|22:89,00:00:71|08:00:41,-,CHINA UNICOM-NET,China Unicom Network Infrastructure,Orta
2025-07-25T00:33:41.403063,209.91.186.4,5,Turkey,TR,Istanbul,Asia/Istanbul,41.0082,28.9784,KDDI,KDDI,AS10056,KDDI ASN,110:56,09:00:139|02:00:74|19:00:6|04:00:119|15:00:58|22:00:82|16:00:133|17:00:96,host-209-91-186-4.kddi.com,KDDI-NET,KDDI Network Infrastructure,Düşük
2025-07-11T13:31:41.403792,107.33.109.45,57,Germany,DE,Berlin,Europe/Berlin,52.52,13.405,Comcast,Comcast,AS50300,Comcast ASN,53:67|21:67|23:67,20:00:80|16:00:126|21:00:73|00:00:89|14:00:91|07:00:25,-,COMCAST-NET,Comcast Network Infrastructure,Orta
2025-07-18T20:56:41.403792,209.154.96.184,70,United States,US,New York,America/New_York,40.7128,-74.006,BT Group,BT Group Hosting,AS85985,BT Group ASN,110:56|25:34|21:89|443:567,15:00:87|20:00:20,host-209-154-96-184.btgroup.com,BT GROUP-NET,BT Group Network Infrastructure,Yüksek
2025-07-24T10:27:41.403792,174.65.231.179,91,Russia,RU,Moscow,Europe/Moscow,55.7558,37.6176,TTNet,TTNet,AS20747,TTNet ASN,443:567|25:34|21:89|995:123,08:00:5|06:00:72|10:00:21|01:00:122|15:00:134|12:00:90|21:00:38|18:00:140,-,TTNET-NET,TTNet Network Infrastructure,Yüksek
2025-07-11T21:34:41.403792,30.234.79.148,56,India,IN,Mumbai,Asia/Kolkata,19.076,72.8777,KDDI,KDDI Hosting,AS23351,KDDI ASN,21:123|80:567|110:78,12:00:79|06:00:135,host-30-234-79-148.kddi.com,KDDI-NET,KDDI Network Infrastructure,Orta
2025-07-24T06:49:41.403792,173.111.179.127,82,France,FR,Paris,Europe/Paris,48.8566,2.3522,Beeline,Beeline Hosting,AS81979,Beeline ASN,110:56|22:234|995:123,09:00:81|01:00:78|16:00:133|10:00:23|13:00:110|15:00:99,host-173-111-179-127.beeline.com,BEELINE-NET,Beeline Network Infrastructure,Yüksek
2025-07-16T08:55:41.403792,137.16.82.51,56,Russia,RU,Moscow,Europe/Moscow,55.7558,37.6176,Rostelecom,Rostelecom,AS13373,Rostelecom ASN,23:89,06:00:95|18:00:29|00:00:137|07:00:114|17:00:102|16:00:44|05:00:25,host-137-16-82-51.rostelecom.com,ROSTELECOM-NET,Rostelecom Network Infrastructure,Orta
2025-08-04T01:13:41.403792,229.229.33.7,76,France,FR,Paris,Europe/Paris,48.8566,2.3522,Vodafone Turkey,Vodafone Turkey,AS41420,Vodafone Turkey ASN,110:90|443:456,18:00:96|08:00:99|11:00:26|04:00:144|06:00:69|12:00:42|05:00:108|22:00:102,host-229-229-33-7.vodafoneturkey.com,VODAFONE TURKEY-NET,Vodafone Turkey Network Infrastructure,Yüksek
2025-08-04T00:32:41.403792,153.122.134.22,72,China,CN,Beijing,Asia/Shanghai,39.9042,116.4074,KDDI,KDDI Hosting,AS74988,KDDI ASN,995:234,05:00:14|08:00:107|12:00:82|02:00:137|06:00:143|00:00:12|17:00:145|15:00:100,-,KDDI-NET,KDDI Network Infrastructure,Yüksek
2025-07-30T16:38:41.403792,247.177.115.94,41,Turkey,TR,Istanbul,Asia/Istanbul,41.0082,28.9784,Comcast,Comcast,AS67563,Comcast ASN,995:67,18:00:54|20:00:19|23:00:69|17:00:132,host-247-177-115-94.comcast.com,COMCAST-NET,Comcast Network Infrastructure,Orta
2025-07-27T02:04:41.403792,92.191.91.242,6,United Kingdom,GB,London,Europe/London,51.5074,-0.1278,Vodafone Turkey,Vodafone Turkey,AS66661,Vodafone Turkey ASN,80:567|995:234|993:78|53:123,22:00:5|16:00:141|21:00:117|00:00:75|05:00:31,-,VODAFONE TURKEY-NET,Vodafone Turkey Network Infrastructure,Düşük
2025-07-07T21:40:41.405807,26.233.139.255,82,China,CN,Beijing,Asia/Shanghai,39.9042,116.4074,Telefonica,Telefonica,AS13280,Telefonica ASN,995:89,05:00:128|03:00:138|10:00:108|06:00:105|17:00:144|02:00:42,host-26-233-139-255.telefonica.com,TELEFONICA-NET,Telefonica Network Infrastructure,Yüksek
2025-07-26T01:46:41.405807,213.173.176.7,14,Turkey,TR,Istanbul,Asia/Istanbul,41.0082,28.9784,BT Group,BT Group,AS6761,BT Group ASN,25:90|80:567|993:56,11:00:118|03:00:51|09:00:58|00:00:43|04:00:24|19:00:95|12:00:16|02:00:139,host-213-173-176-7.btgroup.com,BT GROUP-NET,BT Group Network Infrastructure,Düşük
2025-07-21T01:15:41.405807,185.159.76.182,12,Russia,RU,Moscow,Europe/Moscow,55.7558,37.6176,Orange,Orange Hosting,AS25898,Orange ASN,993:123|143:67|23:89|25:34,05:00:16|00:00:9|12:00:29|10:00:104,host-185-159-76-182.orange.com,ORANGE-NET,Orange Network Infrastructure,Düşük
2025-07-25T02:37:41.405807,71.60.162.254,7,United Kingdom,GB,London,Europe/London,51.5074,-0.1278,Comcast,Comcast,AS37248,Comcast ASN,53:67|21:234|443:123|110:90,16:00:92|14:00:87,host-71-60-162-254.comcast.com,COMCAST-NET,Comcast Network Infrastructure,Düşük
2025-08-04T23:31:41.405807,83.33.161.172,91,Germany,DE,Berlin,Europe/Berlin,52.52,13.405,NTT Communications,NTT Communications,AS32692,NTT Communications ASN,21:67|22:234,01:00:20|06:00:119|23:00:58|00:00:89|10:00:37|14:00:62,-,NTT COMMUNICATIONS-NET,NTT Communications Network Infrastructure,Yüksek
2025-07-06T11:58:41.405807,70.103.43.65,48,Russia,RU,Moscow,Europe/Moscow,55.7558,37.6176,Beeline,Beeline,AS27952,Beeline ASN,993:78,13:00:32|21:00:137|00:00:7|02:00:40|09:00:144|22:00:26|16:00:121,host-70-103-43-65.beeline.com,BEELINE-NET,Beeline Network Infrastructure,Orta
2025-07-23T10:22:41.405807,231.9.7.114,94,United Kingdom,GB,London,Europe/London,51.5074,-0.1278,BT Group,BT Group,AS94922,BT Group ASN,23:45,11:00:29|20:00:110|12:00:26|01:00:135,host-231-9-7-114.btgroup.com,BT GROUP-NET,BT Group Network Infrastructure,Yüksek
2025-07-12T18:36:41.405807,38.89.49.227,11,Brazil,BR,Sao Paulo,America/Sao_Paulo,-23.5505,-46.6333,KDDI,KDDI,AS40063,KDDI ASN,22:156|21:89,19:00:111|16:00:81|12:00:101|09:00:44|14:00:62,host-38-89-49-227.kddi.com,KDDI-NET,KDDI Network Infrastructure,Düşük
2025-08-04T03:13:41.405807,129.142.174.242,98,China,CN,Beijing,Asia/Shanghai,39.9042,116.4074,Beeline,Beeline,AS13531,Beeline ASN,993:90|110:56|995:123,14:00:58|19:00:146|07:00:46|23:00:10,host-129-142-174-242.beeline.com,BEELINE-NET,Beeline Network Infrastructure,Yüksek
2025-07-24T09:14:41.405807,179.39.138.88,75,Turkey,TR,Istanbul,Asia/Istanbul,41.0082,28.9784,MTS,MTS,AS62449,MTS ASN,110:78|22:234|23:23|80:123,17:00:72|04:00:141|09:00:113|20:00:47|08:00:125|01:00:57,host-179-39-138-88.mts.com,MTS-NET,MTS Network Infrastructure,Yüksek
2025-07-27T17:11:41.405807,224.234.172.92,15,United States,US,New York,America/New_York,40.7128,-74.006,Deutsche Telekom,Deutsche Telekom,AS53105,Deutsche Telekom ASN,995:67|443:789|143:12,02:00:104|23:00:69|04:00:76|03:00:62|21:00:92|13:00:123,-,DEUTSCHE TELEKOM-NET,Deutsche Telekom Network Infrastructure,Düşük
2025-07-14T05:46:41.405807,49.68.255.6,58,United Kingdom,GB,London,Europe/London,51.5074,-0.1278,Rostelecom,Rostelecom Hosting,AS58572,Rostelecom ASN,23:12|143:23|21:234,14:00:31|01:00:90|20:00:70|21:00:97|08:00:89,-,ROSTELECOM-NET,Rostelecom Network Infrastructure,Orta
2025-07-08T04:07:41.405807,185.180.104.115,70,France,FR,Paris,Europe/Paris,48.8566,2.3522,Rostelecom,Rostelecom Hosting,AS47486,Rostelecom ASN,22:89,02:00:59|16:00:56,-,ROSTELECOM-NET,Rostelecom Network Infrastructure,Yüksek
2025-07-18T20:52:41.405807,97.115.73.125,71,India,IN,Mumbai,Asia/Kolkata,19.076,72.8777,Verizon,Verizon,AS72838,Verizon ASN,25:56|23:67|21:89,02:00:90|06:00:11|05:00:36|20:00:143|16:00:7|14:00:125,host-97-115-73-125.verizon.com,VERIZON-NET,Verizon Network Infrastructure,Yüksek
2025-07-24T16:28:41.405807,101.66.64.40,40,France,FR,Paris,Europe/Paris,48.8566,2.3522,KDDI,KDDI,AS91902,KDDI ASN,443:789|993:123,10:00:65|03:00:53|21:00:140|17:00:20,host-101-66-64-40.kddi.com,KDDI-NET,KDDI Network Infrastructure,Orta
2025-08-02T04:56:41.405807,23.118.192.65,22,China,CN,Beijing,Asia/Shanghai,39.9042,116.4074,KDDI,KDDI,AS3586,KDDI ASN,25:90|53:67|443:789|22:234,04:00:72|11:00:66|07:00:142|15:00:83,host-23-118-192-65.kddi.com,KDDI-NET,KDDI Network Infrastructure,Düşük
2025-07-17T19:56:41.405807,184.73.93.32,97,France,FR,Paris,Europe/Paris,48.8566,2.3522,Turk Telekom,Turk Telekom,AS68073,Turk Telekom ASN,22:123,15:00:59|05:00:99|00:00:33|13:00:65|16:00:58|17:00:20|12:00:123|09:00:10,host-184-73-93-32.turktelekom.com,TURK TELEKOM-NET,Turk Telekom Network Infrastructure,Yüksek
2025-07-26T19:49:41.405807,107.151.65.171,66,Germany,DE,Berlin,Europe/Berlin,52.52,13.405,Beeline,Beeline,AS73259,Beeline ASN,53:45|110:34|143:89,04:00:17|19:00:25|14:00:108|11:00:36|13:00:75,host-107-151-65-171.beeline.com,BEELINE-NET,Beeline Network Infrastructure,Orta
2025-07-14T05:38:41.405807,26.184.226.181,2,United States,US,New York,America/New_York,40.7128,-74.006,Beeline,Beeline,AS26948,Beeline ASN,25:90|110:56,21:00:103|12:00:37|01:00:105|22:00:123|16:00:53|15:00:108,-,BEELINE-NET,Beeline Network Infrastructure,Düşük
2025-07-21T02:29:41.405807,189.141.24.100,87,France,FR,Paris,Europe/Paris,48.8566,2.3522,Turk Telekom,Turk Telekom,AS45923,Turk Telekom ASN,23:12|110:90|80:123,18:00:34|03:00:28|11:00:95|01:00:112|13:00:101|09:00:109|20:00:81|06:00:148,-,TURK TELEKOM-NET,Turk Telekom Network Infrastructure,Yüksek
2025-07-30T00:22:41.405807,95.170.27.223,40,Turkey,TR,Istanbul,Asia/Istanbul,41.0082,28.9784,NTT Communications,NTT Communications,AS74909,NTT Communications ASN,443:789,16:00:19|18:00:77|06:00:8,host-95-170-27-223.nttcommunications.com,NTT COMMUNICATIONS-NET,NTT Communications Network Infrastructure,Orta
2025-07-17T07:39:41.405807,234.132.74.194,75,China,CN,Beijing,Asia/Shanghai,39.9042,116.4074,BT Group,BT Group Hosting,AS8308,BT Group ASN,53:89|995:234|21:45|443:789,05:00:39|10:00:28|17:00:77,-,BT GROUP-NET,BT Group Network Infrastructure,Yüksek
2025-08-01T23:00:41.405807,121.133.45.38,15,China,CN,Beijing,Asia/Shanghai,39.9042,116.4074,Superonline,Superonline,AS59520,Superonline ASN,143:23,00:00:64|09:00:41|02:00:150,host-121-133-45-38.superonline.com,SUPERONLINE-NET,Superonline Network Infrastructure,Düşük
2025-07-20T07:49:41.405807,15.25.72.179,98,Turkey,TR,Istanbul,Asia/Istanbul,41.0082,28.9784,China Telecom,China Telecom Hosting,AS83201,China Telecom ASN,23:23|143:67,20:00:51|13:00:118|08:00:17|11:00:80,host-15-25-72-179.chinatelecom.com,CHINA TELECOM-NET,China Telecom Network Infrastructure,Yüksek
2025-08-01T23:55:41.405807,152.106.136.28,19,France,FR,Paris,Europe/Paris,48.8566,2.3522,Vodafone Turkey,Vodafone Turkey,AS8885,Vodafone Turkey ASN,995:234|25:123,12:00:42|14:00:22|01:00:51|17:00:37|16:00:90|09:00:25|19:00:96,-,VODAFONE TURKEY-NET,Vodafone Turkey Network Infrastructure,Düşük
2025-08-03T19:58:41.405807,69.132.103.123,50,China,CN,Beijing,Asia/Shanghai,39.9042,116.4074,China Telecom,China Telecom,AS40850,China Telecom ASN,22:89,08:00:93|22:00:134|06:00:133|21:00:125|15:00:80,host-69-132-103-123.chinatelecom.com,CHINA TELECOM-NET,China Telecom Network Infrastructure,Orta
2025-07-31T01:44:41.405807,227.226.201.68,0,India,IN,Mumbai,Asia/Kolkata,19.076,72.8777,China Unicom,China Unicom,AS7549,China Unicom ASN,110:78|995:89|21:234,18:00:29|15:00:112|19:00:138|07:00:13|13:00:130|11:00:36|10:00:26,-,CHINA UNICOM-NET,China Unicom Network Infrastructure,Düşük
2025-08-03T07:46:41.405807,180.20.156.226,9,United Kingdom,GB,London,Europe/London,51.5074,-0.1278,China Unicom,China Unicom,AS66035,China Unicom ASN,80:789|995:89,22:00:114|09:00:147,host-180-20-156-226.chinaunicom.com,CHINA UNICOM-NET,China Unicom Network Infrastructure,Düşük
2025-07-23T11:14:41.407082,14.95.19.27,77,India,IN,Mumbai,Asia/Kolkata,19.076,72.8777,Telefonica,Telefonica,AS95398,Telefonica ASN,25:90,06:00:79|07:00:42|13:00:113|19:00:56,host-14-95-19-27.telefonica.com,TELEFONICA-NET,Telefonica Network Infrastructure,Yüksek
2025-07-23T10:51:41.407082,114.176.95.145,27,Japan,JP,Tokyo,Asia/Tokyo,35.6762,139.6503,Rostelecom,Rostelecom,AS37080,Rostelecom ASN,80:123|995:234|23:23|993:123,01:00:101|14:00:11|16:00:54,host-114-176-95-145.rostelecom.com,ROSTELECOM-NET,Rostelecom Network Infrastructure,Düşük
2025-07-08T19:27:41.407082,205.94.210.81,1,France,FR,Paris,Europe/Paris,48.8566,2.3522,China Unicom,China Unicom,AS74576,China Unicom ASN,143:12,01:00:23|19:00:79|07:00:120|23:00:135|02:00:47|20:00:32,host-205-94-210-81.chinaunicom.com,CHINA UNICOM-NET,China Unicom Network Infrastructure,Düşük
2025-07-12T23:38:41.407082,132.238.214.39,15,Japan,JP,Tokyo,Asia/Tokyo,35.6762,139.6503,Superonline,Superonline,AS71556,Superonline ASN,993:34|23:23|143:23|110:34,11:00:135|19:00:54|01:00:140|02:00:78|04:00:56|14:00:59,-,SUPERONLINE-NET,Superonline Network Infrastructure,Düşük
2025-07-12T18:26:41.407082,175.226.215.60,83,Germany,DE,Berlin,Europe/Berlin,52.52,13.405,Vodafone Turkey,Vodafone Turkey,AS71860,Vodafone Turkey ASN,110:12,08:00:105|19:00:56|17:00:59|22:00:108|03:00:13|20:00:145|15:00:77,-,VODAFONE TURKEY-NET,Vodafone Turkey Network Infrastructure,Yüksek
2025-07-11T00:42:41.407082,163.103.190.92,78,Germany,DE,Berlin,Europe/Berlin,52.52,13.405,Orange,Orange,AS51921,Orange ASN,110:34,17:00:29|23:00:26|20:00:76,host-163-103-190-92.orange.com,ORANGE-NET,Orange Network Infrastructure,Yüksek
2025-07-11T05:49:41.407082,132.60.124.136,65,Brazil,BR,Sao Paulo,America/Sao_Paulo,-23.5505,-46.6333,KDDI,KDDI Hosting,AS35344,KDDI ASN,53:123|80:789|25:56,11:00:103|04:00:38|03:00:42|02:00:117|07:00:34,host-132-60-124-136.kddi.com,KDDI-NET,KDDI Network Infrastructure,Orta
2025-08-01T04:59:41.407082,55.3.175.80,60,China,CN,Beijing,Asia/Shanghai,39.9042,116.4074,MTS,MTS Hosting,AS95733,MTS ASN,993:56|53:89|23:45,21:00:111|22:00:12|06:00:127|15:00:147|02:00:66|01:00:14|09:00:111|23:00:12,-,MTS-NET,MTS Network Infrastructure,Orta
2025-07-05T17:08:41.407082,164.104.241.107,19,India,IN,Mumbai,Asia/Kolkata,19.076,72.8777,Superonline,Superonline,AS70065,Superonline ASN,995:234,09:00:62|04:00:103,host-164-104-241-107.superonline.com,SUPERONLINE-NET,Superonline Network Infrastructure,Düşük
2025-08-04T04:40:41.407082,116.89.63.110,71,India,IN,Mumbai,Asia/Kolkata,19.076,72.8777,Rostelecom,Rostelecom Hosting,AS13018,Rostelecom ASN,995:67|993:123|22:123,13:00:68|00:00:124|08:00:86|17:00:28|15:00:41|07:00:37|22:00:5|04:00:108,host-116-89-63-110.rostelecom.com,ROSTELECOM-NET,Rostelecom Network Infrastructure,Yüksek
2025-07-18T06:23:41.407082,202.53.116.48,7,Brazil,BR,Sao Paulo,America/Sao_Paulo,-23.5505,-46.6333,TTNet,TTNet,AS49218,TTNet ASN,995:67|22:89|993:78,05:00:31|08:00:129|06:00:62|03:00:105|00:00:12|11:00:117,host-202-53-116-48.ttnet.com,TTNET-NET,TTNet Network Infrastructure,Düşük
2025-07-23T16:28:41.407082,221.199.82.204,97,Russia,RU,Moscow,Europe/Moscow,55.7558,37.6176,Orange,Orange,AS46287,Orange ASN,21:123,00:00:30|03:00:94|04:00:141|13:00:117|19:00:37|06:00:134,-,ORANGE-NET,Orange Network Infrastructure,Yüksek
2025-07-11T18:59:41.407082,71.121.133.146,48,China,CN,Beijing,Asia/Shanghai,39.9042,116.4074,NTT Communications,NTT Communications Hosting,AS35667,NTT Communications ASN,53:67|80:567|22:234|143:12,10:00:68|17:00:124|09:00:108|01:00:11|18:00:88|21:00:138|16:00:57|00:00:138,host-71-121-133-146.nttcommunications.com,NTT COMMUNICATIONS-NET,NTT Communications Network Infrastructure,Orta
2025-07-31T00:29:41.407082,199.119.250.246,14,France,FR,Paris,Europe/Paris,48.8566,2.3522,Comcast,Comcast,AS11639,Comcast ASN,21:89|993:78|143:12,18:00:125|17:00:146|16:00:143,host-199-119-250-246.comcast.com,COMCAST-NET,Comcast Network Infrastructure,Düşük
2025-07-21T16:50:41.408075,67.172.250.95,34,Turkey,TR,Istanbul,Asia/Istanbul,41.0082,28.9784,Orange,Orange,AS45940,Orange ASN,143:12|993:123|80:456|53:45,20:00:63|08:00:130|11:00:122|05:00:131|17:00:128,host-67-172-250-95.orange.com,ORANGE-NET,Orange Network Infrastructure,Orta
2025-07-13T22:55:41.408075,48.232.94.211,48,United Kingdom,GB,London,Europe/London,51.5074,-0.1278,KDDI,KDDI,AS83969,KDDI ASN,21:67|25:123|110:12|995:45,01:00:135|13:00:83|08:00:95|07:00:37|16:00:107,-,KDDI-NET,KDDI Network Infrastructure,Orta
2025-07-22T10:47:41.408075,17.104.178.18,38,United Kingdom,GB,London,Europe/London,51.5074,-0.1278,KDDI,KDDI,AS97735,KDDI ASN,53:67|25:90|21:45|80:567,16:00:125|23:00:30|10:00:49|07:00:24|13:00:50|11:00:54|06:00:11,host-17-104-178-18.kddi.com,KDDI-NET,KDDI Network Infrastructure,Orta
2025-07-24T20:33:41.408075,104.96.183.228,42,Japan,JP,Tokyo,Asia/Tokyo,35.6762,139.6503,BT Group,BT Group,AS32491,BT Group ASN,23:45|995:89|110:56,06:00:92|18:00:108|04:00:107|05:00:93|08:00:43|12:00:130|11:00:49|17:00:128,host-104-96-183-228.btgroup.com,BT GROUP-NET,BT Group Network Infrastructure,Orta
2025-07-12T23:08:41.408075,66.179.144.9,42,Brazil,BR,Sao Paulo,America/Sao_Paulo,-23.5505,-46.6333,Superonline,Superonline Hosting,AS76458,Superonline ASN,995:123|110:34,18:00:69|09:00:105|20:00:37|00:00:67|13:00:140|11:00:106,host-66-179-144-9.superonline.com,SUPERONLINE-NET,Superonline Network Infrastructure,Orta
2025-07-12T10:05:41.408075,188.56.116.87,40,China,CN,Beijing,Asia/Shanghai,39.9042,116.4074,Telefonica,Telefonica,AS7439,Telefonica ASN,443:789|143:45,12:00:24|18:00:68|02:00:140|09:00:44|20:00:89|11:00:111,host-188-56-116-87.telefonica.com,TELEFONICA-NET,Telefonica Network Infrastructure,Orta
2025-07-31T08:40:41.408075,218.135.141.135,52,Germany,DE,Berlin,Europe/Berlin,52.52,13.405,BT Group,BT Group,AS54415,BT Group ASN,23:12,12:00:19|08:00:89|00:00:61,-,BT GROUP-NET,BT Group Network Infrastructure,Orta
2025-08-03T20:59:41.408075,52.17.136.62,31,India,IN,Mumbai,Asia/Kolkata,19.076,72.8777,AT&T,AT&T Hosting,AS72044,AT&T ASN,53:67,17:00:19|08:00:84|13:00:142|01:00:105|09:00:120|20:00:116|00:00:87,-,AT&T-NET,AT&T Network Infrastructure,Orta
2025-07-27T08:00:41.408075,67.193.218.128,72,United Kingdom,GB,London,Europe/London,51.5074,-0.1278,TTNet,TTNet Hosting,AS6763,TTNet ASN,22:234,22:00:71|11:00:93|06:00:12|07:00:80|13:00:12|18:00:135,host-67-193-218-128.ttnet.com,TTNET-NET,TTNet Network Infrastructure,Yüksek
2025-07-20T15:43:41.408075,124.89.67.166,26,Germany,DE,Berlin,Europe/Berlin,52.52,13.405,Turk Telekom,Turk Telekom Hosting,AS24513,Turk Telekom ASN,443:567|80:123|22:123|23:23,19:00:111|02:00:48|13:00:41|12:00:94|01:00:124|18:00:93|07:00:31,-,TURK TELEKOM-NET,Turk Telekom Network Infrastructure,Düşük
2025-07-27T08:00:41.408075,242.154.255.154,11,Germany,DE,Berlin,Europe/Berlin,52.52,13.405,MTS,MTS,AS90451,MTS ASN,993:78,15:00:22|08:00:31|23:00:7,host-242-154-255-154.mts.com,MTS-NET,MTS Network Infrastructure,Düşük
2025-07-18T18:03:41.408075,18.220.163.213,23,Brazil,BR,Sao Paulo,America/Sao_Paulo,-23.5505,-46.6333,Beeline,Beeline,AS21372,Beeline ASN,110:78,09:00:45|12:00:132,host-18-220-163-213.beeline.com,BEELINE-NET,Beeline Network Infrastructure,Düşük
2025-07-24T06:08:41.408075,109.188.183.71,42,Brazil,BR,Sao Paulo,America/Sao_Paulo,-23.5505,-46.6333,Comcast,Comcast Hosting,AS51043,Comcast ASN,23:45|993:90,02:00:104|05:00:49|01:00:68|15:00:16,host-109-188-183-71.comcast.com,COMCAST-NET,Comcast Network Infrastructure,Orta
2025-07-11T21:14:41.409073,130.228.131.227,73,United Kingdom,GB,London,Europe/London,51.5074,-0.1278,Orange,Orange Hosting,AS92625,Orange ASN,110:12|23:67|143:89,23:00:121|19:00:16|22:00:102|16:00:130|10:00:118|02:00:146|13:00:46|03:00:57,host-130-228-131-227.orange.com,ORANGE-NET,Orange Network Infrastructure,Yüksek
2025-07-16T11:06:41.409073,122.159.108.239,23,Russia,RU,Moscow,Europe/Moscow,55.7558,37.6176,Beeline,Beeline Hosting,AS81405,Beeline ASN,80:234|110:12,16:00:66|10:00:64,host-122-159-108-239.beeline.com,BEELINE-NET,Beeline Network Infrastructure,Düşük
2025-07-12T06:45:41.409073,214.210.168.10,84,China,CN,Beijing,Asia/Shanghai,39.9042,116.4074,NTT Communications,NTT Communications,AS59983,NTT Communications ASN,110:34|995:123|25:78|143:23,08:00:35|12:00:83|22:00:72|02:00:116|06:00:79|14:00:149|03:00:51,host-214-210-168-10.nttcommunications.com,NTT COMMUNICATIONS-NET,NTT Communications Network Infrastructure,Yüksek
2025-07-14T10:25:41.409073,110.62.41.199,6,Germany,DE,Berlin,Europe/Berlin,52.52,13.405,Verizon,Verizon,AS3577,Verizon ASN,53:45,11:00:42|03:00:85|09:00:45|05:00:95,host-110-62-41-199.verizon.com,VERIZON-NET,Verizon Network Infrastructure,Düşük
2025-07-28T21:23:41.409073,20.73.188.149,67,United Kingdom,GB,London,Europe/London,51.5074,-0.1278,Vodafone Turkey,Vodafone Turkey Hosting,AS80823,Vodafone Turkey ASN,23:23|53:123|993:56,19:00:86|18:00:37|07:00:132|23:00:132,host-20-73-188-149.vodafoneturkey.com,VODAFONE TURKEY-NET,Vodafone Turkey Network Infrastructure,Orta
2025-07-23T10:25:41.409073,67.17.186.60,73,United States,US,New York,America/New_York,40.7128,-74.006,NTT Communications,NTT Communications,AS21536,NTT Communications ASN,25:90|995:89,23:00:106|10:00:113|09:00:41,host-67-17-186-60.nttcommunications.com,NTT COMMUNICATIONS-NET,NTT Communications Network Infrastructure,Yüksek
2025-08-01T20:53:41.409073,200.9.10.31,20,Japan,JP,Tokyo,Asia/Tokyo,35.6762,139.6503,China Unicom,China Unicom,AS76614,China Unicom ASN,53:89|21:89|995:45,06:00:57|01:00:26|05:00:135|16:00:126,-,CHINA UNICOM-NET,China Unicom Network Infrastructure,Düşük
2025-07-22T05:34:41.409073,243.17.162.38,16,United Kingdom,GB,London,Europe/London,51.5074,-0.1278,Beeline,Beeline,AS99471,Beeline ASN,110:12,08:00:64|15:00:17,host-243-17-162-38.beeline.com,BEELINE-NET,Beeline Network Infrastructure,Düşük
2025-07-08T23:19:41.409073,159.138.216.126,29,Turkey,TR,Istanbul,Asia/Istanbul,41.0082,28.9784,Deutsche Telekom,Deutsche Telekom,AS34408,Deutsche Telekom ASN,995:123|53:123|993:78|443:567,17:00:86|14:00:50|07:00:133|02:00:120|18:00:71,host-159-138-216-126.deutschetelekom.com,DEUTSCHE TELEKOM-NET,Deutsche Telekom Network Infrastructure,Düşük
2025-07-14T19:27:41.409073,78.213.77.71,27,United States,US,New York,America/New_York,40.7128,-74.006,Deutsche Telekom,Deutsche Telekom Hosting,AS63033,Deutsche Telekom ASN,53:45|993:123,13:00:147|03:00:5|07:00:140|14:00:26|05:00:80|04:00:33,host-78-213-77-71.deutschetelekom.com,DEUTSCHE TELEKOM-NET,Deutsche Telekom Network Infrastructure,Düşük
2025-07-11T06:00:41.409073,60.115.229.117,53,Japan,JP,Tokyo,Asia/Tokyo,35.6762,139.6503,Turk Telekom,Turk Telekom Hosting,AS52850,Turk Telekom ASN,21:234,16:00:71|14:00:80,host-60-115-229-117.turktelekom.com,TURK TELEKOM-NET,Turk Telekom Network Infrastructure,Orta
2025-07-28T22:23:41.409073,145.104.42.137,94,India,IN,Mumbai,Asia/Kolkata,19.076,72.8777,Telefonica,Telefonica,AS17554,Telefonica ASN,143:67|53:67|80:567|21:123,01:00:35|13:00:130|14:00:108|02:00:128|08:00:143,host-145-104-42-137.telefonica.com,TELEFONICA-NET,Telefonica Network Infrastructure,Yüksek
2025-07-21T07:27:41.409073,126.126.237.167,14,Turkey,TR,Istanbul,Asia/Istanbul,41.0082,28.9784,Turk Telekom,Turk Telekom,AS90273,Turk Telekom ASN,80:567|53:45|443:789|23:45,00:00:95|19:00:115|10:00:8,-,TURK TELEKOM-NET,Turk Telekom Network Infrastructure,Düşük
2025-07-19T11:04:41.409073,246.199.163.54,44,Brazil,BR,Sao Paulo,America/Sao_Paulo,-23.5505,-46.6333,BT Group,BT Group Hosting,AS11921,BT Group ASN,110:78|995:45,00:00:64|08:00:51|14:00:39|21:00:149|07:00:32,host-246-199-163-54.btgroup.com,BT GROUP-NET,BT Group Network Infrastructure,Orta
2025-07-23T08:46:41.409073,202.208.97.161,89,India,IN,Mumbai,Asia/Kolkata,19.076,72.8777,BT Group,BT Group,AS6378,BT Group ASN,21:67|995:234,20:00:61|18:00:138,host-202-208-97-161.btgroup.com,BT GROUP-NET,BT Group Network Infrastructure,Yüksek
2025-07-23T15:35:41.409073,222.2.145.15,28,United States,US,New York,America/New_York,40.7128,-74.006,AT&T,AT&T,AS2332,AT&T ASN,22:67|53:67|110:34|25:123,06:00:99|15:00:113|22:00:54|18:00:30,-,AT&T-NET,AT&T Network Infrastructure,Düşük
2025-07-29T01:35:41.409073,191.70.169.184,66,Turkey,TR,Istanbul,Asia/Istanbul,41.0082,28.9784,AT&T,AT&T Hosting,AS68964,AT&T ASN,995:234|80:456|22:123,19:00:116|10:00:9,host-191-70-169-184.at&t.com,AT&T-NET,AT&T Network Infrastructure,Orta
2025-07-08T02:39:41.410014,78.138.88.135,44,India,IN,Mumbai,Asia/Kolkata,19.076,72.8777,Verizon,Verizon,AS21446,Verizon ASN,21:234|995:89|25:90|143:45,04:00:32|20:00:117|13:00:61|11:00:112|10:00:39|00:00:140|18:00:23|01:00:137,-,VERIZON-NET,Verizon Network Infrastructure,Orta
2025-07-21T09:52:41.410014,165.188.102.124,90,Turkey,TR,Istanbul,Asia/Istanbul,41.0082,28.9784,Orange,Orange,AS22852,Orange ASN,25:34,08:00:118|00:00:7|17:00:120|11:00:15|06:00:96|22:00:56,host-165-188-102-124.orange.com,ORANGE-NET,Orange Network Infrastructure,Yüksek
2025-07-21T09:59:41.410014,163.170.81.239,15,India,IN,Mumbai,Asia/Kolkata,19.076,72.8777,MTS,MTS,AS62000,MTS ASN,53:123|443:789|993:56,04:00:33|08:00:66|19:00:124|07:00:18|06:00:60|15:00:129|02:00:30,-,MTS-NET,MTS Network Infrastructure,Düşük
2025-08-03T19:00:41.410014,118.198.171.206,61,Germany,DE,Berlin,Europe/Berlin,52.52,13.405,AT&T,AT&T,AS49525,AT&T ASN,995:67|21:123,03:00:103|23:00:53|07:00:32|20:00:148|19:00:68|15:00:88|00:00:146|04:00:115,host-118-198-171-206.at&t.com,AT&T-NET,AT&T Network Infrastructure,Orta
2025-07-06T21:54:41.410014,92.81.95.101,60,Japan,JP,Tokyo,Asia/Tokyo,35.6762,139.6503,Beeline,Beeline Hosting,AS33902,Beeline ASN,23:45|995:123,18:00:88|05:00:30|17:00:103|23:00:13,host-92-81-95-101.beeline.com,BEELINE-NET,Beeline Network Infrastructure,Orta
2025-07-28T15:12:41.410014,150.58.231.239,26,Turkey,TR,Istanbul,Asia/Istanbul,41.0082,28.9784,Superonline,Superonline,AS26899,Superonline ASN,443:567|80:789|23:89|110:78,22:00:105|18:00:60|04:00:71|03:00:49|00:00:64|07:00:15|09:00:68,host-150-58-231-239.superonline.com,SUPERONLINE-NET,Superonline Network Infrastructure,Düşük
2025-07-13T20:58:41.410014,228.176.77.148,1,United Kingdom,GB,London,Europe/London,51.5074,-0.1278,Deutsche Telekom,Deutsche Telekom Hosting,AS10055,Deutsche Telekom ASN,53:45|23:89|443:456|80:234,15:00:111|06:00:20|21:00:129|14:00:49|19:00:73|02:00:11,-,DEUTSCHE TELEKOM-NET,Deutsche Telekom Network Infrastructure,Düşük
2025-07-19T21:02:41.410014,113.137.135.9,81,China,CN,Beijing,Asia/Shanghai,39.9042,116.4074,Telefonica,Telefonica,AS27363,Telefonica ASN,25:56|53:123|110:12,08:00:140|04:00:6|12:00:64|11:00:134|02:00:112,host-113-137-135-9.telefonica.com,TELEFONICA-NET,Telefonica Network Infrastructure,Yüksek
2025-07-25T06:59:41.410014,182.53.13.183,91,Turkey,TR,Istanbul,Asia/Istanbul,41.0082,28.9784,Rostelecom,Rostelecom Hosting,AS54823,Rostelecom ASN,23:89|80:123|110:78|995:234,08:00:6|20:00:89,host-182-53-13-183.rostelecom.com,ROSTELECOM-NET,Rostelecom Network Infrastructure,Yüksek
2025-07-18T16:34:41.410014,212.219.58.125,52,Brazil,BR,Sao Paulo,America/Sao_Paulo,-23.5505,-46.6333,Beeline,Beeline Hosting,AS33836,Beeline ASN,443:234|993:78|80:456|995:123,10:00:68|07:00:45|16:00:53,host-212-219-58-125.beeline.com,BEELINE-NET,Beeline Network Infrastructure,Orta
2025-07-16T15:47:41.410014,212.123.160.248,20,Russia,RU,Moscow,Europe/Moscow,55.7558,37.6176,Superonline,Superonline,AS89291,Superonline ASN,995:67|110:12|993:78,08:00:68|19:00:130|05:00:133,host-212-123-160-248.superonline.com,SUPERONLINE-NET,Superonline Network Infrastructure,Düşük
2025-07-25T06:02:41.410014,168.47.248.140,21,China,CN,Beijing,Asia/Shanghai,39.9042,116.4074,Deutsche Telekom,Deutsche Telekom Hosting,AS65571,Deutsche Telekom ASN,143:45,03:00:139|09:00:50|14:00:48|00:00:48|16:00:46|06:00:150|22:00:94|12:00:148,host-168-47-248-140.deutschetelekom.com,DEUTSCHE TELEKOM-NET,Deutsche Telekom Network Infrastructure,Düşük
2025-07-08T11:46:41.410014,50.3.229.4,16,Turkey,TR,Istanbul,Asia/Istanbul,41.0082,28.9784,Turk Telekom,Turk Telekom,AS7404,Turk Telekom ASN,53:67,09:00:128|12:00:120|21:00:35|01:00:11|22:00:25|02:00:27|06:00:11,host-50-3-229-4.turktelekom.com,TURK TELEKOM-NET,Turk Telekom Network Infrastructure,Düşük
2025-07-07T07:25:41.410014,191.232.162.158,44,Russia,RU,Moscow,Europe/Moscow,55.7558,37.6176,Rostelecom,Rostelecom,AS90384,Rostelecom ASN,21:123|25:56|53:45,23:00:78|09:00:12|21:00:141|05:00:61|12:00:140|01:00:122|20:00:83|13:00:76,host-191-232-162-158.rostelecom.com,ROSTELECOM-NET,Rostelecom Network Infrastructure,Orta
2025-07-19T19:18:41.410014,173.25.148.188,1,United States,US,New York,America/New_York,40.7128,-74.006,Rostelecom,Rostelecom Hosting,AS30589,Rostelecom ASN,143:45|22:67,06:00:86|09:00:52|02:00:93|18:00:90|03:00:12|14:00:76|21:00:29,host-173-25-148-188.rostelecom.com,ROSTELECOM-NET,Rostelecom Network Infrastructure,Düşük
2025-07-21T00:59:41.410014,21.53.189.138,8,India,IN,Mumbai,Asia/Kolkata,19.076,72.8777,MTS,MTS,AS42669,MTS ASN,143:45|443:567,10:00:146|13:00:48|18:00:148|04:00:140|08:00:101|17:00:142,-,MTS-NET,MTS Network Infrastructure,Düşük
2025-08-03T10:45:41.410014,169.15.88.230,37,China,CN,Beijing,Asia/Shanghai,39.9042,116.4074,Vodafone Turkey,Vodafone Turkey,AS24140,Vodafone Turkey ASN,110:78|143:23|995:89|23:12,04:00:121|05:00:50|16:00:125|09:00:122|17:00:54|02:00:9|03:00:128|07:00:13,host-169-15-88-230.vodafoneturkey.com,VODAFONE TURKEY-NET,Vodafone Turkey Network Infrastructure,Orta
2025-07-25T00:51:41.410014,158.126.203.125,87,Russia,RU,Moscow,Europe/Moscow,55.7558,37.6176,Comcast,Comcast Hosting,AS96454,Comcast ASN,110:12|21:45,07:00:31|12:00:117|15:00:132|23:00:51|16:00:137|13:00:103|19:00:73|11:00:24,-,COMCAST-NET,Comcast Network Infrastructure,Yüksek
2025-07-14T21:58:41.410014,73.207.218.30,90,United States,US,New York,America/New_York,40.7128,-74.006,MTS,MTS,AS18381,MTS ASN,995:67|23:23,20:00:111|23:00:19|02:00:109|10:00:123|00:00:52|13:00:48,host-73-207-218-30.mts.com,MTS-NET,MTS Network Infrastructure,Yüksek
2025-07-09T06:02:41.410014,137.5.91.229,7,Japan,JP,Tokyo,Asia/Tokyo,35.6762,139.6503,NTT Communications,NTT Communications,AS19622,NTT Communications ASN,22:123,20:00:113|22:00:34|00:00:120,host-137-5-91-229.nttcommunications.com,NTT COMMUNICATIONS-NET,NTT Communications Network Infrastructure,Düşük
2025-07-13T00:24:41.410014,240.107.36.8,14,Turkey,TR,Istanbul,Asia/Istanbul,41.0082,28.9784,Beeline,Beeline Hosting,AS53126,Beeline ASN,22:67|80:567|993:34,05:00:66|03:00:108|22:00:51|20:00:133|00:00:27|02:00:138|06:00:32|13:00:82,host-240-107-36-8.beeline.com,BEELINE-NET,Beeline Network Infrastructure,Düşük
2025-07-20T22:49:41.410014,28.35.145.43,0,United Kingdom,GB,London,Europe/London,51.5074,-0.1278,NTT Communications,NTT Communications Hosting,AS88589,NTT Communications ASN,21:234|22:67|53:67,11:00:149|02:00:135|09:00:17|16:00:126|15:00:146|14:00:116,host-28-35-145-43.nttcommunications.com,NTT COMMUNICATIONS-NET,NTT Communications Network Infrastructure,Düşük
2025-07-31T10:12:41.410014,147.8.25.39,69,China,CN,Beijing,Asia/Shanghai,39.9042,116.4074,NTT Communications,NTT Communications,AS17398,NTT Communications ASN,25:78|110:12|80:456|23:89,17:00:45|07:00:17|04:00:131,-,NTT COMMUNICATIONS-NET,NTT Communications Network Infrastructure,Orta
2025-07-19T09:55:41.411078,35.55.97.113,25,Russia,RU,Moscow,Europe/Moscow,55.7558,37.6176,BT Group,BT Group Hosting,AS67917,BT Group ASN,23:23|143:12|22:234,21:00:70|01:00:18|05:00:57|02:00:53|12:00:113,-,BT GROUP-NET,BT Group Network Infrastructure,Düşük
2025-07-30T05:34:41.411078,9.120.134.13,44,France,FR,Paris,Europe/Paris,48.8566,2.3522,MTS,MTS Hosting,AS82151,MTS ASN,143:89|110:12,11:00:109|05:00:44|20:00:39,host-9-120-134-13.mts.com,MTS-NET,MTS Network Infrastructure,Orta
2025-07-17T08:26:41.411078,28.178.88.191,53,Germany,DE,Berlin,Europe/Berlin,52.52,13.405,KDDI,KDDI,AS61935,KDDI ASN,143:67|23:45|993:78|995:234,11:00:37|09:00:64|13:00:21|14:00:28,-,KDDI-NET,KDDI Network Infrastructure,Orta
2025-08-02T02:45:41.411078,126.210.48.36,45,India,IN,Mumbai,Asia/Kolkata,19.076,72.8777,Beeline,Beeline,AS89443,Beeline ASN,443:234|22:89|25:34,22:00:34|06:00:122,host-126-210-48-36.beeline.com,BEELINE-NET,Beeline Network Infrastructure,Orta
2025-07-10T11:25:41.411078,211.242.117.97,52,China,CN,Beijing,Asia/Shanghai,39.9042,116.4074,Orange,Orange,AS54447,Orange ASN,143:23,07:00:55|17:00:140|06:00:110|04:00:113|16:00:126|22:00:88|21:00:60|18:00:143,host-211-242-117-97.orange.com,ORANGE-NET,Orange Network Infrastructure,Orta
2025-07-25T16:43:41.411078,132.130.127.28,20,China,CN,Beijing,Asia/Shanghai,39.9042,116.4074,China Telecom,China Telecom,AS73991,China Telecom ASN,23:12|80:567,14:00:65|07:00:78|05:00:100,host-132-130-127-28.chinatelecom.com,CHINA TELECOM-NET,China Telecom Network Infrastructure,Düşük
2025-07-25T03:47:41.411078,251.159.137.16,52,India,IN,Mumbai,Asia/Kolkata,19.076,72.8777,AT&T,AT&T,AS44095,AT&T ASN,53:45|22:234|443:789|995:67,04:00:8|00:00:129|23:00:32,-,AT&T-NET,AT&T Network Infrastructure,Orta
2025-07-30T10:21:41.411078,185.248.171.74,62,Japan,JP,Tokyo,Asia/Tokyo,35.6762,139.6503,Verizon,Verizon Hosting,AS81518,Verizon ASN,22:67,05:00:16|16:00:96,host-185-248-171-74.verizon.com,VERIZON-NET,Verizon Network Infrastructure,Orta
2025-07-18T04:59:41.411078,51.241.122.83,55,Turkey,TR,Istanbul,Asia/Istanbul,41.0082,28.9784,Vodafone Turkey,Vodafone Turkey,AS27917,Vodafone Turkey ASN,21:45|23:45|993:123|53:67,03:00:88|17:00:52,host-51-241-122-83.vodafoneturkey.com,VODAFONE TURKEY-NET,Vodafone Turkey Network Infrastructure,Orta
2025-08-01T12:38:41.411078,251.4.198.202,10,Turkey,TR,Istanbul,Asia/Istanbul,41.0082,28.9784,NTT Communications,NTT Communications Hosting,AS11892,NTT Communications ASN,21:45|110:34|995:234|80:456,04:00:119|18:00:73|12:00:64,host-251-4-198-202.nttcommunications.com,NTT COMMUNICATIONS-NET,NTT Communications Network Infrastructure,Düşük
2025-08-03T11:18:41.411078,64.141.193.21,28,Turkey,TR,Istanbul,Asia/Istanbul,41.0082,28.9784,Beeline,Beeline,AS52027,Beeline ASN,995:45|23:23|110:78|143:12,21:00:84|08:00:34|01:00:51|12:00:125|23:00:109|06:00:56|04:00:93|13:00:118,host-64-141-193-21.beeline.com,BEELINE-NET,Beeline Network Infrastructure,Düşük
2025-07-12T19:38:41.411078,30.56.18.33,52,United Kingdom,GB,London,Europe/London,51.5074,-0.1278,Beeline,Beeline Hosting,AS50935,Beeline ASN,995:67,02:00:48|08:00:105|12:00:18|15:00:132,host-30-56-18-33.beeline.com,BEELINE-NET,Beeline Network Infrastructure,Orta
2025-08-02T17:54:41.411078,84.181.167.243,47,United Kingdom,GB,London,Europe/London,51.5074,-0.1278,MTS,MTS Hosting,AS85997,MTS ASN,995:67|22:123|143:23,18:00:25|22:00:18|04:00:89|13:00:114|03:00:117|12:00:146|11:00:116|15:00:10,host-84-181-167-243.mts.com,MTS-NET,MTS Network Infrastructure,Orta
2025-08-03T04:09:41.411078,103.239.151.72,89,Russia,RU,Moscow,Europe/Moscow,55.7558,37.6176,Verizon,Verizon,AS51610,Verizon ASN,443:123|22:67|80:567,05:00:17|18:00:149|14:00:97,host-103-239-151-72.verizon.com,VERIZON-NET,Verizon Network Infrastructure,Yüksek
2025-07-24T02:12:41.411078,76.29.153.34,53,Turkey,TR,Istanbul,Asia/Istanbul,41.0082,28.9784,China Telecom,China Telecom,AS75038,China Telecom ASN,993:78|22:123|995:234|110:34,12:00:16|01:00:102|16:00:144|10:00:125|14:00:74|23:00:76,host-76-29-153-34.chinatelecom.com,CHINA TELECOM-NET,China Telecom Network Infrastructure,Orta
2025-07-10T17:03:41.411078,98.36.192.111,2,Brazil,BR,Sao Paulo,America/Sao_Paulo,-23.5505,-46.6333,Deutsche Telekom,Deutsche Telekom,AS86435,Deutsche Telekom ASN,53:67|21:89|80:456|995:67,09:00:61|22:00:56|19:00:149|07:00:108|02:00:72|12:00:148|21:00:88|23:00:150,host-98-36-192-111.deutschetelekom.com,DEUTSCHE TELEKOM-NET,Deutsche Telekom Network Infrastructure,Düşük
2025-07-10T04:53:41.411078,118.215.120.112,22,China,CN,Beijing,Asia/Shanghai,39.9042,116.4074,Rostelecom,Rostelecom,AS15212,Rostelecom ASN,443:123,22:00:94|08:00:125|11:00:50|14:00:133,host-118-215-120-112.rostelecom.com,ROSTELECOM-NET,Rostelecom Network Infrastructure,Düşük
2025-07-26T23:39:41.411078,126.166.113.42,55,India,IN,Mumbai,Asia/Kolkata,19.076,72.8777,BT Group,BT Group Hosting,AS47616,BT Group ASN,53:45|143:12|23:23,19:00:57|12:00:117|21:00:62|06:00:101|04:00:50|07:00:22,host-126-166-113-42.btgroup.com,BT GROUP-NET,BT Group Network Infrastructure,Orta
2025-07-30T16:14:41.411078,209.150.192.137,55,Russia,RU,Moscow,Europe/Moscow,55.7558,37.6176,MTS,MTS Hosting,AS40431,MTS ASN,110:34|993:78|80:789|443:123,18:00:53|11:00:53|22:00:103,-,MTS-NET,MTS Network Infrastructure,Orta
2025-07-30T16:42:41.411078,23.73.28.116,26,Japan,JP,Tokyo,Asia/Tokyo,35.6762,139.6503,MTS,MTS,AS36840,MTS ASN,443:567|21:89,19:00:121|11:00:122|20:00:60|14:00:26,host-23-73-28-116.mts.com,MTS-NET,MTS Network Infrastructure,Düşük
2025-07-22T21:49:41.411078,167.79.202.227,62,Germany,DE,Berlin,Europe/Berlin,52.52,13.405,Superonline,Superonline,AS51610,Superonline ASN,23:45|443:789|993:90,22:00:129|14:00:90|17:00:44|15:00:80|07:00:62|21:00:43|02:00:72|08:00:106,host-167-79-202-227.superonline.com,SUPERONLINE-NET,Superonline Network Infrastructure,Orta
2025-07-19T19:53:41.411078,94.66.129.193,44,Turkey,TR,Istanbul,Asia/Istanbul,41.0082,28.9784,Rostelecom,Rostelecom Hosting,AS45345,Rostelecom ASN,443:456|995:67,11:00:78|01:00:126|00:00:53,host-94-66-129-193.rostelecom.com,ROSTELECOM-NET,Rostelecom Network Infrastructure,Orta
2025-07-25T22:51:41.411078,43.194.220.163,65,France,FR,Paris,Europe/Paris,48.8566,2.3522,KDDI,KDDI Hosting,AS10677,KDDI ASN,993:56|143:89,09:00:150|04:00:90|05:00:5|13:00:102,host-43-194-220-163.kddi.com,KDDI-NET,KDDI Network Infrastructure,Orta
2025-07-31T13:39:41.411078,109.158.194.9,2,Germany,DE,Berlin,Europe/Berlin,52.52,13.405,Deutsche Telekom,Deutsche Telekom,AS84379,Deutsche Telekom ASN,993:123,09:00:40|04:00:57|22:00:10,-,DEUTSCHE TELEKOM-NET,Deutsche Telekom Network Infrastructure,Düşük
2025-07-06T20:55:41.411078,239.96.165.185,38,Germany,DE,Berlin,Europe/Berlin,52.52,13.405,Superonline,Superonline,AS52566,Superonline ASN,53:67|80:456|443:456|21:234,05:00:43|06:00:82|12:00:127|21:00:120|00:00:46,host-239-96-165-185.superonline.com,SUPERONLINE-NET,Superonline Network Infrastructure,Orta
2025-07-26T12:03:41.411078,253.111.40.155,74,Japan,JP,Tokyo,Asia/Tokyo,35.6762,139.6503,Orange,Orange,AS69402,Orange ASN,110:78|25:123,08:00:13|11:00:125|22:00:92,host-253-111-40-155.orange.com,ORANGE-NET,Orange Network Infrastructure,Yüksek
2025-07-28T12:31:41.411078,160.87.122.222,90,United States,US,New York,America/New_York,40.7128,-74.006,Rostelecom,Rostelecom,AS72971,Rostelecom ASN,993:78|995:123|21:89,12:00:86|23:00:92|07:00:116,host-160-87-122-222.rostelecom.com,ROSTELECOM-NET,Rostelecom Network Infrastructure,Yüksek
2025-07-28T02:44:41.411078,115.185.200.51,42,Germany,DE,Berlin,Europe/Berlin,52.52,13.405,Turk Telekom,Turk Telekom,AS20232,Turk Telekom ASN,53:67,07:00:71|00:00:116|08:00:122|01:00:15|09:00:85|23:00:66,host-115-185-200-51.turktelekom.com,TURK TELEKOM-NET,Turk Telekom Network Infrastructure,Orta
2025-07-13T19:21:41.411078,85.90.81.45,33,China,CN,Beijing,Asia/Shanghai,39.9042,116.4074,Deutsche Telekom,Deutsche Telekom Hosting,AS26861,Deutsche Telekom ASN,993:34|21:123|80:789,08:00:148|14:00:84|18:00:27|06:00:30|17:00:57|23:00:17,host-85-90-81-45.deutschetelekom.com,DEUTSCHE TELEKOM-NET,Deutsche Telekom Network Infrastructure,Orta
2025-07-13T04:55:41.411078,140.35.10.30,34,United Kingdom,GB,London,Europe/London,51.5074,-0.1278,Vodafone Turkey,Vodafone Turkey Hosting,AS99455,Vodafone Turkey ASN,22:67|23:23|143:23,20:00:72|05:00:93,host-140-35-10-30.vodafoneturkey.com,VODAFONE TURKEY-NET,Vodafone Turkey Network Infrastructure,Orta
2025-07-24T07:32:41.412074,198.165.142.253,2,France,FR,Paris,Europe/Paris,48.8566,2.3522,Comcast,Comcast,AS6244,Comcast ASN,21:123|22:89|995:67,20:00:107|11:00:53|15:00:80|01:00:65,host-198-165-142-253.comcast.com,COMCAST-NET,Comcast Network Infrastructure,Düşük
2025-07-06T22:51:41.412074,169.64.164.126,38,Germany,DE,Berlin,Europe/Berlin,52.52,13.405,BT Group,BT Group,AS40412,BT Group ASN,21:234|110:56|143:23,06:00:35|12:00:66,host-169-64-164-126.btgroup.com,BT GROUP-NET,BT Group Network Infrastructure,Orta
2025-07-21T13:45:41.412074,165.182.5.226,6,Turkey,TR,Istanbul,Asia/Istanbul,41.0082,28.9784,KDDI,KDDI Hosting,AS7845,KDDI ASN,110:12|23:45|993:90,17:00:147|11:00:126,host-165-182-5-226.kddi.com,KDDI-NET,KDDI Network Infrastructure,Düşük
2025-07-16T17:24:41.412074,85.165.95.134,68,Turkey,TR,Istanbul,Asia/Istanbul,41.0082,28.9784,BT Group,BT Group,AS26406,BT Group ASN,110:34|443:234|22:67|21:234,04:00:137|21:00:105|16:00:139|15:00:108|05:00:48,-,BT GROUP-NET,BT Group Network Infrastructure,Orta
2025-07-16T17:35:41.412074,151.131.129.178,22,Germany,DE,Berlin,Europe/Berlin,52.52,13.405,TTNet,TTNet,AS57843,TTNet ASN,443:234|53:67|22:67,10:00:44|23:00:137|04:00:135,host-151-131-129-178.ttnet.com,TTNET-NET,TTNet Network Infrastructure,Düşük
2025-07-23T18:01:41.412074,104.40.63.61,27,Germany,DE,Berlin,Europe/Berlin,52.52,13.405,Superonline,Superonline Hosting,AS61120,Superonline ASN,21:89,03:00:130|19:00:43|00:00:144,-,SUPERONLINE-NET,Superonline Network Infrastructure,Düşük
2025-07-14T15:03:41.412074,228.94.93.75,8,Brazil,BR,Sao Paulo,America/Sao_Paulo,-23.5505,-46.6333,Verizon,Verizon Hosting,AS45540,Verizon ASN,22:234|993:56|53:45|443:567,04:00:125|06:00:126|11:00:147|09:00:135|23:00:9|17:00:140|08:00:111|21:00:56,host-228-94-93-75.verizon.com,VERIZON-NET,Verizon Network Infrastructure,Düşük
2025-07-27T17:19:41.412074,182.187.99.43,25,China,CN,Beijing,Asia/Shanghai,39.9042,116.4074,Telefonica,Telefonica,AS25663,Telefonica ASN,110:78|80:789,23:00:90|20:00:100|08:00:53|14:00:117|22:00:139|17:00:147|10:00:73,host-182-187-99-43.telefonica.com,TELEFONICA-NET,Telefonica Network Infrastructure,Düşük
2025-07-14T10:06:41.412074,160.184.166.44,89,Turkey,TR,Istanbul,Asia/Istanbul,41.0082,28.9784,Orange,Orange,AS21640,Orange ASN,25:78,12:00:106|08:00:71|03:00:66|05:00:52|09:00:52,host-160-184-166-44.orange.com,ORANGE-NET,Orange Network Infrastructure,Yüksek
2025-07-17T04:38:41.412074,217.8.3.95,47,United States,US,New York,America/New_York,40.7128,-74.006,Verizon,Verizon,AS60667,Verizon ASN,21:123|110:56|443:567|23:45,07:00:9|00:00:31|20:00:24|21:00:95|15:00:132|14:00:14|10:00:134|09:00:97,-,VERIZON-NET,Verizon Network Infrastructure,Orta
2025-07-15T14:19:41.412074,9.210.200.190,7,Russia,RU,Moscow,Europe/Moscow,55.7558,37.6176,KDDI,KDDI Hosting,AS28342,KDDI ASN,995:67|80:234|25:90,15:00:80|00:00:44|22:00:63|03:00:122|09:00:142,-,KDDI-NET,KDDI Network Infrastructure,Düşük
2025-07-25T09:17:41.412074,153.151.84.51,7,Germany,DE,Berlin,Europe/Berlin,52.52,13.405,Comcast,Comcast Hosting,AS2926,Comcast ASN,995:45,16:00:98|23:00:139|14:00:53|05:00:6|07:00:20|18:00:72,-,COMCAST-NET,Comcast Network Infrastructure,Düşük
2025-07-18T14:01:41.412074,191.160.178.219,14,Germany,DE,Berlin,Europe/Berlin,52.52,13.405,AT&T,AT&T,AS42317,AT&T ASN,21:45|53:45|143:45,07:00:20|04:00:42|17:00:43|19:00:16|02:00:61|16:00:54|15:00:95,-,AT&T-NET,AT&T Network Infrastructure,Düşük
2025-07-23T05:33:41.412074,107.5.47.70,11,China,CN,Beijing,Asia/Shanghai,39.9042,116.4074,Verizon,Verizon,AS92764,Verizon ASN,21:123|25:34,10:00:136|19:00:47|16:00:108|09:00:94|03:00:98|12:00:90|13:00:137|01:00:17,host-107-5-47-70.verizon.com,VERIZON-NET,Verizon Network Infrastructure,Düşük
2025-07-25T16:43:41.412074,78.15.137.84,39,United Kingdom,GB,London,Europe/London,51.5074,-0.1278,TTNet,TTNet,AS41624,TTNet ASN,110:90|22:123,09:00:85|14:00:38|22:00:97|05:00:58|21:00:9|18:00:96|06:00:23,host-78-15-137-84.ttnet.com,TTNET-NET,TTNet Network Infrastructure,Orta
2025-07-20T16:49:41.412074,190.37.42.180,36,Japan,JP,Tokyo,Asia/Tokyo,35.6762,139.6503,KDDI,KDDI,AS86164,KDDI ASN,80:123|443:123|25:78|993:78,09:00:38|18:00:54|02:00:142|01:00:34|00:00:146|07:00:68,host-190-37-42-180.kddi.com,KDDI-NET,KDDI Network Infrastructure,Orta
2025-07-05T15:39:41.412074,139.201.179.167,18,Brazil,BR,Sao Paulo,America/Sao_Paulo,-23.5505,-46.6333,Telefonica,Telefonica,AS91799,Telefonica ASN,993:56,06:00:78|21:00:92|03:00:28|00:00:99|20:00:51|04:00:137|15:00:126,host-139-201-179-167.telefonica.com,TELEFONICA-NET,Telefonica Network Infrastructure,Düşük
